{
    "loss": 5.906241416931152,
    "accuracy": 0.5035971403121948
}