{
    "loss": 2.153287410736084,
    "accuracy": 0.8273381590843201
}